<?xml version="1.0" encoding="utf-8" ?>
<NinjaScript>
  <MinimumRequiredVersion>8.1.4.1</MinimumRequiredVersion>
  <Indicators>
    <Indicator>
      <n>OrderFlow Delta</n>
      <File>Indicators\OrderFlowDeltaIndicator.cs</File>
    </Indicator>
    <Indicator>
      <n>OrderBook Imbalance</n>
      <File>Indicators\OrderBookImbalanceIndicator.cs</File>
    </Indicator>
    <Indicator>
      <n>Time &amp; Sales Analyzer</n>
      <File>Indicators\TimeAndSalesAnalyzerIndicator.cs</File>
    </Indicator>
  </Indicators>
  <Strategies>
    <Strategy>
      <n>MScalper</n>
      <File>Strategy\MScalperStrategy.cs</File>
    </Strategy>
  </Strategies>
  <AdditionalFiles>
    <File>Core\AlgorithmCore.cs</File>
    <File>Core\SignalProcessing.cs</File>
    <File>Core\RiskManagement.cs</File>
    <File>Core\MarketAnalysis.cs</File>
    <File>Core\ConfigManager.cs</File>
    <File>Core\Logger.cs</File>
    <File>Core\LicenseManager.cs</File>
    <File>Utilities\*.cs</File>
  </AdditionalFiles>
</NinjaScript>
