﻿<?xml version="1.0" encoding="utf-8"?>
<NinjaScript>
  <Indicators>
    <Indicator>
      <n>OrderFlow Delta</n>
      <File>Indicators\OrderFlowDeltaIndicator.cs</File>
    </Indicator>
    <Indicator>
      <n>OrderBook Imbalance</n>
      <File>Indicators\OrderBookImbalanceIndicator.cs</File>
    </Indicator>
    <Indicator>
      <n>Time &amp; Sales Analyzer</n>
      <File>Indicators\TimeAndSalesAnalyzerIndicator.cs</File>
    </Indicator>
  </Indicators>
  <Strategies>
    <Strategy>
      <n>MScalper</n>
      <File>Strategy\MScalperStrategy.cs</File>
    </Strategy>
  </Strategies>
</NinjaScript>
